target,provider,lead,tmax,tmin,precip,wind
2026-09-11,arpege,1,21.9,7.6,0,16.9
2026-09-11,arpege,2,22.5,11.5,0,15
2026-09-11,arpege,3,23,11.6,0,13.8
2026-09-11,ecmwf,1,22.3,9.6,0.3,13.3
2026-09-11,ecmwf,2,22.2,10,0,11.5
2026-09-11,ecmwf,3,22.5,10.1,0,9.1
2026-09-11,ecmwf,4,22.3,9.3,0,8.9
2026-09-11,ecmwf,5,20.2,9.6,0,10.9
2026-09-11,ecmwf,6,21.1,12.3,0.9,21.2
2026-09-11,ecmwf,7,20,11.8,0.9,12.6
2026-09-11,gem,1,21.1,4.8,0,11.2
2026-09-11,gem,2,22.2,4.8,0,10.4
2026-09-11,gem,3,22.1,4.3,0,9.4
2026-09-11,gem,4,18.6,5.2,0,9.7
2026-09-11,gem,5,20.5,10.8,0,10.1
2026-09-11,gem,6,20.8,8.9,0.4,18
2026-09-11,gem,7,17.4,9.1,0,23
2026-09-11,gfs,1,21.9,9.6,0,19.8
2026-09-11,gfs,2,22.9,10,0,22.1
2026-09-11,gfs,3,22.4,10.3,0,18.9
2026-09-11,gfs,4,22.2,11.1,0,10
2026-09-11,gfs,5,21.9,11.2,0,18.7
2026-09-11,gfs,6,21.5,11.9,0,19.5
2026-09-11,gfs,7,20,13.6,5.2,29.4
2026-09-11,icon,1,21.5,9.7,0,15.7
2026-09-11,icon,2,21.4,9.1,0,11.1
2026-09-11,icon,3,22,9.1,0,11.5
2026-09-11,icon,4,21.2,10.1,0,9.4
2026-09-11,icon,5,21.3,10.8,0,9.4
2026-09-11,icon,6,19.9,11.2,3.9,16.1
2026-09-11,ukmo,1,20.2,13.8,0,13.7
2026-09-11,ukmo,2,19.8,11,0,10.8
2026-09-11,ukmo,3,19.6,11.7,0,7.9
2026-09-11,ukmo,4,18.6,13.7,0,6.5
2026-09-11,ukmo,5,19.5,13.8,0,8.6
2026-09-11,ukmo,6,18.5,11.7,2.7,18
2026-09-12,arpege,1,21.6,14.5,1.4,12.7
2026-09-12,arpege,2,21.6,14.8,0,15
2026-09-12,arpege,3,21.8,14.7,0,12.6
2026-09-12,ecmwf,1,22.4,12.6,0.3,14.9
2026-09-12,ecmwf,2,21.9,13.7,0.3,15.5
2026-09-12,ecmwf,3,22.4,12.9,0.3,15.1
2026-09-12,ecmwf,4,22.8,10.8,0.9,15.4
2026-09-12,ecmwf,5,22,11.2,0,10.1
2026-09-12,ecmwf,6,20.9,13.1,4.5,8.3
2026-09-12,ecmwf,7,20.3,12.1,2.1,18.4
2026-09-12,gem,1,22.1,11.2,0.5,16.2
2026-09-12,gem,2,20.8,10.6,0.4,15.1
2026-09-12,gem,3,21.8,8.5,0,17.3
2026-09-12,gem,4,22.9,7.2,0,10.4
2026-09-12,gem,5,19.7,8.1,0,9.7
2026-09-12,gem,6,21.4,12.1,0,10.1
2026-09-12,gem,7,21.7,11.9,0.6,14.4
2026-09-12,gfs,1,21.5,13.6,0.1,15.8
2026-09-12,gfs,2,18.8,12.2,0,19.6
2026-09-12,gfs,3,21.8,11.8,0.1,20.4
2026-09-12,gfs,4,20.9,12.9,0,17.2
2026-09-12,gfs,5,24.1,12.2,0,10.6
2026-09-12,gfs,6,21.9,12.2,0,13.7
2026-09-12,gfs,7,20,11.8,0.1,27.7
2026-09-12,icon,1,21.9,14.2,0.2,12.4
2026-09-12,icon,2,21.2,13.4,0,13.4
2026-09-12,icon,3,22.2,13.4,0,10.5
2026-09-12,icon,4,22.2,13.9,0,8.5
2026-09-12,icon,5,20.7,11.9,0,12.5
2026-09-12,icon,6,21.9,13.1,1.2,15.9
2026-09-12,ukmo,1,21.4,14.7,0.3,14.8
2026-09-12,ukmo,2,21.9,13.2,0,15.5
2026-09-12,ukmo,3,22.9,12.7,0,14.8
2026-09-12,ukmo,4,22,12.7,0,11.2
2026-09-12,ukmo,5,19.3,14.4,0,9.4
2026-09-12,ukmo,6,19,14.2,0.7,13.3
2026-09-13,arpege,1,20.1,15,2.6,21.4
2026-09-13,arpege,2,17.1,15.3,9.3,19.1
2026-09-13,arpege,3,17.4,15.3,14.8,18
2026-09-13,ecmwf,1,20.6,14.9,6.9,19.9
2026-09-13,ecmwf,2,19.2,14.4,4.5,17.1
2026-09-13,ecmwf,3,20.6,12.5,6.9,16.5
2026-09-13,ecmwf,4,21.9,12.2,7.2,18.4
2026-09-13,ecmwf,5,22.1,12.3,6,14.1
2026-09-13,ecmwf,6,23.2,11.6,0,12.6
2026-09-13,ecmwf,7,23.8,12.2,2.4,19.5
2026-09-13,gem,1,20.6,12,3.8,19.1
2026-09-13,gem,2,18.9,13.2,1.9,17.3
2026-09-13,gem,3,19.1,15.2,5.7,15.1
2026-09-13,gem,4,21.3,13.1,0.6,18.4
2026-09-13,gem,5,23.4,4.6,3,20.9
2026-09-13,gem,6,22.1,10.3,0.3,14
2026-09-13,gem,7,23.4,8.5,0,5.8
2026-09-13,gfs,1,20.7,14.6,4.7,23.4
2026-09-13,gfs,2,17,15.1,8.7,17.6
2026-09-13,gfs,3,19.4,15.1,0.8,19.8
2026-09-13,gfs,4,20.8,15.5,0.8,14.6
2026-09-13,gfs,5,21.7,12.7,0.1,17.6
2026-09-13,gfs,6,25.1,13.8,0,16.4
2026-09-13,gfs,7,22.6,14.3,1.4,21.7
2026-09-13,icon,1,19.5,15.4,5.8,14.1
2026-09-13,icon,2,19.1,15.5,9.8,17.8
2026-09-13,icon,3,19.9,13.6,5.7,16.5
2026-09-13,icon,4,20.6,14.8,9.2,11
2026-09-13,icon,5,23.3,10.7,0,13.6
2026-09-13,icon,6,23,12.5,0,14.3
2026-09-13,ukmo,1,20.7,15.5,6.7,17.3
2026-09-13,ukmo,2,19.9,15.1,2.1,19.4
2026-09-13,ukmo,3,19.4,16.5,12.1,14.4
2026-09-13,ukmo,4,20.7,15.5,2.9,15.5
2026-09-13,ukmo,5,23,14.7,2.7,14.4
2026-09-13,ukmo,6,21.1,12.3,0,10.4
2026-09-14,arpege,1,20.5,10.4,0.2,17.6
2026-09-14,arpege,2,18.6,12,0,16.6
2026-09-14,arpege,3,19,14.6,0.2,15.4
2026-09-14,ecmwf,1,20.3,11.9,0,12.4
2026-09-14,ecmwf,2,19.2,11.7,0,12.1
2026-09-14,ecmwf,3,20,12,0,15.2
2026-09-14,ecmwf,4,21,15.2,0.9,13.2
2026-09-14,ecmwf,5,22.6,15.6,2.1,18.2
2026-09-14,ecmwf,6,18.7,13.9,0,16.9
2026-09-14,ecmwf,7,21.9,13.4,0,18
2026-09-14,gem,1,20.4,10.6,0.1,13
2026-09-14,gem,2,19.5,10.2,0.1,14.8
2026-09-14,gem,3,20.9,15.3,0.7,15.8
2026-09-14,gem,4,21.7,16.1,3.2,14.8
2026-09-14,gem,5,20.6,14,1.4,17.6
2026-09-14,gem,6,21.1,8,1.3,12.6
2026-09-14,gem,7,20.3,12.9,1,16.2
2026-09-14,gfs,1,20.7,10.9,0,16.1
2026-09-14,gfs,2,20.4,10.1,0.3,15.9
2026-09-14,gfs,3,21.4,10.9,0,18.1
2026-09-14,gfs,4,18.9,9.9,0.6,18.8
2026-09-14,gfs,5,20.5,12.8,0.2,14.3
2026-09-14,gfs,6,21,11.3,1.1,20.3
2026-09-14,gfs,7,23.4,13.5,0.5,25.3
2026-09-14,icon,1,19.9,11.4,0,13.5
2026-09-14,icon,2,20.2,10.5,0.1,14.5
2026-09-14,icon,3,20.7,11,0,14.3
2026-09-14,icon,4,17.7,11.5,0.8,12.6
2026-09-14,icon,5,23,16.8,0,17
2026-09-14,icon,6,24.8,10.9,0,12.9
2026-09-14,ukmo,1,18.9,12.2,0.1,13
2026-09-14,ukmo,2,17.9,11.4,0,13.3
2026-09-14,ukmo,3,20.3,13,0,11.5
2026-09-14,ukmo,4,18.7,12.6,0,14
2026-09-14,ukmo,5,18.4,14.1,5,9.4
2026-09-14,ukmo,6,19,15.2,0.8,15.8
2026-09-15,arpege,1,25.6,11.5,0,13.4
2026-09-15,arpege,2,25.3,12.4,0,16.2
2026-09-15,arpege,3,23.4,11.3,0,8.4
2026-09-15,ecmwf,1,25.9,11.7,0,12.5
2026-09-15,ecmwf,2,25.6,11.5,0,13.8
2026-09-15,ecmwf,3,24.5,12.6,0,11.4
2026-09-15,ecmwf,4,25.6,12.2,0.3,14.2
2026-09-15,ecmwf,5,23.6,11.8,12.9,26.8
2026-09-15,ecmwf,6,28.5,12.4,0,15.1
2026-09-15,ecmwf,7,21.6,13.6,0,12.6
2026-09-15,gem,1,25.8,8.1,0,12.6
2026-09-15,gem,2,26,8.9,0,13.7
2026-09-15,gem,3,24.7,11,0,11.5
2026-09-15,gem,4,25.5,13.4,0,10.4
2026-09-15,gem,5,24,13.2,0,14.8
2026-09-15,gem,6,25.4,10,0,11.2
2026-09-15,gem,7,24,9.7,0.3,10.8
2026-09-15,gfs,1,26,13.5,0,10
2026-09-15,gfs,2,25.6,12.8,0,12.8
2026-09-15,gfs,3,25.1,12.6,0,10.1
2026-09-15,gfs,4,25.3,12.5,0,10.1
2026-09-15,gfs,5,25.5,10.3,0,15
2026-09-15,gfs,6,25,12.2,0,13
2026-09-15,gfs,7,25.4,11.7,0,18.6
2026-09-15,icon,1,25.8,11.4,0,8.4
2026-09-15,icon,2,25.4,12.6,0,9.7
2026-09-15,icon,3,26.3,12.2,0,10.2
2026-09-15,icon,4,24.1,10.3,0,13
2026-09-15,icon,5,23.7,11.8,1.8,15.3
2026-09-15,icon,6,26.8,14.5,5.4,18.3
2026-09-15,ukmo,1,25.6,13,0.1,10.1
2026-09-15,ukmo,2,25.2,13.1,0,13.7
2026-09-15,ukmo,3,24.3,14,0,10.8
2026-09-15,ukmo,4,25.9,15.4,0,14.4
2026-09-15,ukmo,5,23.9,11.3,1.5,16.6
2026-09-15,ukmo,6,25,13.8,3.3,14.8
2026-09-16,arpege,1,20.9,13.6,0.5,22.1
2026-09-16,arpege,2,19.3,13.9,3.7,22.1
2026-09-16,arpege,3,18.5,14.4,10.2,25.8
2026-09-16,ecmwf,1,20.7,13.5,7.8,18
2026-09-16,ecmwf,2,21.6,14.2,6.3,18.5
2026-09-16,ecmwf,3,20.7,14.3,6.9,18.2
2026-09-16,ecmwf,4,18.7,13.7,9.6,16
2026-09-16,ecmwf,5,19.8,13.6,15.9,20.7
2026-09-16,ecmwf,6,19.3,13.5,7.2,25.2
2026-09-16,ecmwf,7,17.6,13.2,3,27.4
2026-09-16,gem,1,18.6,13.5,8.9,20.5
2026-09-16,gem,2,19.9,13.4,3,20.2
2026-09-16,gem,3,19.1,13.1,6.6,21.6
2026-09-16,gem,4,21,13.5,1.9,19.4
2026-09-16,gem,5,19.9,12,2.3,27.4
2026-09-16,gem,6,19.8,12.3,17.5,22.3
2026-09-16,gem,7,19.3,11.8,5.1,27
2026-09-16,gfs,1,21.4,13.1,3.7,20.3
2026-09-16,gfs,2,20.8,13.9,4.3,24.7
2026-09-16,gfs,3,21.2,13.7,0.5,22.8
2026-09-16,gfs,4,21.6,14.7,2,19.7
2026-09-16,gfs,5,20.9,12.7,0.7,25.9
2026-09-16,gfs,6,23.6,14,0.2,22.4
2026-09-16,gfs,7,26,14.8,0,25.2
2026-09-16,icon,1,21,14.5,5.1,18
2026-09-16,icon,2,20.2,14.4,3.7,11
2026-09-16,icon,3,19.9,13.5,6,13.8
2026-09-16,icon,4,19.6,13.6,20.3,11.5
2026-09-16,icon,5,18.9,12.9,3.4,18.3
2026-09-16,icon,6,17.5,12,0.7,24.9
2026-09-16,ukmo,1,20.6,15.1,8.3,17.3
2026-09-16,ukmo,2,20.9,15.7,5.3,19.1
2026-09-16,ukmo,3,21.1,14.9,13.2,17.3
2026-09-16,ukmo,4,21.4,14.7,6.2,16.6
2026-09-16,ukmo,5,19.7,12.3,0.8,27.4
2026-09-16,ukmo,6,18.5,14.9,5,20.2
2026-09-17,arpege,1,20.4,10.7,0,20.1
2026-09-17,arpege,2,20.9,12.4,0,19.1
2026-09-17,arpege,3,20.7,12.1,0.1,17.2
2026-09-17,ecmwf,1,20.1,11.5,0.3,17.6
2026-09-17,ecmwf,2,20.4,11.7,0,18.4
2026-09-17,ecmwf,3,20.4,11.8,0,17.3
2026-09-17,ecmwf,4,19.7,12.7,0.9,17
2026-09-17,ecmwf,5,19,11.6,0,14
2026-09-17,ecmwf,6,18.6,11.5,0.6,19.2
2026-09-17,ecmwf,7,18.8,11.8,0.3,21.8
2026-09-17,gem,1,19.9,10.9,0.1,17.6
2026-09-17,gem,2,19.1,12,0.7,15.5
2026-09-17,gem,3,18.7,12.1,0.5,18
2026-09-17,gem,4,18.7,11.1,0.4,17.6
2026-09-17,gem,5,18.7,10.8,0,15.8
2026-09-17,gem,6,18,9.6,0.5,24.1
2026-09-17,gem,7,17.9,11.1,0.4,19.8
2026-09-17,gfs,1,20.6,10.6,0,22.7
2026-09-17,gfs,2,20.1,10.6,0,18.7
2026-09-17,gfs,3,18.7,10.7,0.1,20.2
2026-09-17,gfs,4,18.6,10.4,0,23.2
2026-09-17,gfs,5,19.7,10.3,0,20.3
2026-09-17,gfs,6,20.2,11,0,23
2026-09-17,gfs,7,19.2,12.2,3.3,19.4
2026-09-17,icon,1,20.6,11.3,0,16.3
2026-09-17,icon,2,20,12.1,0,14.2
2026-09-17,icon,3,19.7,11.9,0,13.3
2026-09-17,icon,4,19.1,11.9,0,13.6
2026-09-17,icon,5,19.2,12.4,0,13.2
2026-09-17,icon,6,18,11.1,0,16.8
2026-09-17,ukmo,1,20.3,12.9,0.1,17.3
2026-09-17,ukmo,2,20.4,12.3,0,16.6
2026-09-17,ukmo,3,20.1,12.1,0,17.6
2026-09-17,ukmo,4,19.5,11.9,0,17.3
2026-09-17,ukmo,5,19.5,12,0,19.8
2026-09-17,ukmo,6,18.6,12.6,0,20.9
2026-09-18,arpege,1,19.7,13.3,0.4,22.8
2026-09-18,arpege,2,20.1,14,0,24.5
2026-09-18,arpege,3,21.5,13.8,0.6,20.9
2026-09-18,ecmwf,1,20,13.1,1.2,18.7
2026-09-18,ecmwf,2,20.2,13.5,0,19.1
2026-09-18,ecmwf,3,20.2,13.3,0.6,17.7
2026-09-18,ecmwf,4,20.7,13.5,0,17
2026-09-18,ecmwf,5,20.5,12.6,1.2,22.9
2026-09-18,ecmwf,6,18.7,13.9,0.3,20.6
2026-09-18,ecmwf,7,19,13.4,0,22.2
2026-09-18,gem,1,19.3,10.1,0,22.7
2026-09-18,gem,2,20.3,12.3,0,20.9
2026-09-18,gem,3,19.6,12.1,0,21.6
2026-09-18,gem,4,20.7,11.9,0,19.4
2026-09-18,gem,5,17.4,12.8,0.9,25.2
2026-09-18,gem,6,18.7,10.8,0.8,25.6
2026-09-18,gem,7,18.6,12.2,0.2,22.7
2026-09-18,gfs,1,20.4,13,0,25.1
2026-09-18,gfs,2,20.2,12.8,0,23.2
2026-09-18,gfs,3,20.2,12.4,0.5,21.7
2026-09-18,gfs,4,18.5,13,0.8,18.4
2026-09-18,gfs,5,19.4,11.7,4,31.1
2026-09-18,gfs,6,19.5,12.6,0.1,28.1
2026-09-18,gfs,7,19.5,11.6,0,28.9
2026-09-18,icon,1,20.1,13.7,0.3,17.7
2026-09-18,icon,2,19.2,13.4,0.8,16.6
2026-09-18,icon,3,19.4,12.9,0.2,15.6
2026-09-18,icon,4,19.7,13.1,0.8,15.5
2026-09-18,icon,5,18.9,12.5,0.3,23.7
2026-09-18,icon,6,20,12.8,0,17.7
2026-09-18,ukmo,1,19.6,14.2,0,18.4
2026-09-18,ukmo,2,19.5,14.8,0,19.4
2026-09-18,ukmo,3,20.6,14.4,0.2,17.3
2026-09-18,ukmo,4,19.7,14.2,0,16.6
2026-09-18,ukmo,5,18.4,14,1.7,25.6
2026-09-18,ukmo,6,18.7,12.7,1.2,23.8
2026-09-19,arpege,1,23.5,11.4,0,21.7
2026-09-19,arpege,2,22.5,13.8,0,18.6
2026-09-19,arpege,3,21,13.2,0,23.4
2026-09-19,ecmwf,1,22,12.6,0,20.9
2026-09-19,ecmwf,2,21.9,13.1,0,20
2026-09-19,ecmwf,3,21.9,12.6,0.6,18.3
2026-09-19,ecmwf,4,21.5,11.5,0,19.8
2026-09-19,ecmwf,5,22.6,11.8,0,19.2
2026-09-19,ecmwf,6,20.6,12.6,0.9,23.4
2026-09-19,ecmwf,7,18.3,12.5,1.5,21.4
2026-09-19,gem,1,22.2,11.4,0,17.6
2026-09-19,gem,2,22,10.2,0,16.9
2026-09-19,gem,3,20.7,9.2,0,19.1
2026-09-19,gem,4,20.5,8,0,18.4
2026-09-19,gem,5,21.5,7.3,0,15.1
2026-09-19,gem,6,21.1,9.8,0,19.1
2026-09-19,gem,7,19.8,9.3,0,23
2026-09-19,gfs,1,22.5,12.8,0,18.8
2026-09-19,gfs,2,22.3,12.3,0,20.1
2026-09-19,gfs,3,19.4,11.7,0,21.5
2026-09-19,gfs,4,22.3,10.8,0,23.5
2026-09-19,gfs,5,20.9,11,0,15.1
2026-09-19,gfs,6,21.4,11.4,0,27
2026-09-19,gfs,7,22,10.8,0,27.5
2026-09-19,icon,1,21.8,12.4,0,15.6
2026-09-19,icon,2,20.3,13.1,0.3,13.1
2026-09-19,icon,3,19.3,12,0.2,13.2
2026-09-19,icon,4,22.4,11.9,0,15.8
2026-09-19,icon,5,20.4,10.5,0.9,17.3
2026-09-19,icon,6,19.5,12,0.8,19.7
2026-09-19,ukmo,1,21.1,13.6,0,20.2
2026-09-19,ukmo,2,21.9,14,0,18.7
2026-09-19,ukmo,3,20.1,13.9,0,19.8
2026-09-19,ukmo,4,22.3,12.8,0,19.4
2026-09-19,ukmo,5,21.3,11.5,0,21.6
2026-09-19,ukmo,6,19.4,12.6,0,22
2026-09-20,arpege,1,20.8,13.8,1.4,32.8
2026-09-20,arpege,2,21.9,12.8,0,29.5
2026-09-20,arpege,3,22.3,16,0.1,34.2
2026-09-20,ecmwf,1,22.1,13.5,1.8,30.1
2026-09-20,ecmwf,2,21.6,13.6,3,28.7
2026-09-20,ecmwf,3,19.7,13.6,4.2,29.3
2026-09-20,ecmwf,4,19.5,13,4.8,23.6
2026-09-20,ecmwf,5,19.5,12.9,2.4,24.3
2026-09-20,ecmwf,6,17.5,13.4,1.8,22.3
2026-09-20,ecmwf,7,20.1,13.9,3.3,18.2
2026-09-20,gem,1,20.6,13.4,1.6,30.6
2026-09-20,gem,2,20.6,13.1,3.2,38.2
2026-09-20,gem,3,22,11.9,4.4,31
2026-09-20,gem,4,20.5,13.6,0.8,25.9
2026-09-20,gem,5,21.4,13.3,0.3,26.6
2026-09-20,gem,6,20.6,8.3,0.1,28.1
2026-09-20,gem,7,23.2,14.8,0,20.2
2026-09-20,gfs,1,20.3,12.9,1.9,38.2
2026-09-20,gfs,2,20.9,12.7,0.2,35.2
2026-09-20,gfs,3,20.2,12.9,0.7,32.1
2026-09-20,gfs,4,20.6,13.4,0.4,32.4
2026-09-20,gfs,5,20.2,12.6,0.2,30.6
2026-09-20,gfs,6,23,11.9,0,14.9
2026-09-20,gfs,7,17.5,12.2,0.1,35.6
2026-09-20,icon,1,21.3,13.5,4.2,26.6
2026-09-20,icon,2,21.7,12.8,0.3,23
2026-09-20,icon,3,18.9,13.2,1.8,18.4
2026-09-20,icon,4,19.4,13.1,6.3,24
2026-09-20,icon,5,20.3,11.9,0.6,26.1
2026-09-20,icon,6,19.3,12.6,1.6,24.6
2026-09-20,ukmo,1,19.7,14.4,3.4,25.6
2026-09-20,ukmo,2,18.4,13.9,6.6,24.5
2026-09-20,ukmo,3,19.9,15.1,4.5,22
2026-09-20,ukmo,4,19.8,15.4,6.4,26.6
2026-09-20,ukmo,5,20.8,13.8,0.5,31
2026-09-20,ukmo,6,17.9,14.2,1.1,15.8
2026-09-21,arpege,1,17.1,11.8,1.7,31.6
2026-09-21,arpege,2,19,12.4,0,34
2026-09-21,arpege,3,18.6,13.1,0,27.2
2026-09-21,ecmwf,1,17.8,12.2,1.5,30.8
2026-09-21,ecmwf,2,17.4,11.8,1.2,30.4
2026-09-21,ecmwf,3,17.8,11.7,0,28.3
2026-09-21,ecmwf,4,18.1,11.5,0.3,28.7
2026-09-21,ecmwf,5,17.4,11.7,0.9,30.5
2026-09-21,ecmwf,6,18.5,11.9,0.3,28.8
2026-09-21,ecmwf,7,15.3,10.9,2.1,23
2026-09-21,gem,1,16.5,12.5,0.8,31
2026-09-21,gem,2,17.3,11.5,0.7,32
2026-09-21,gem,3,17.9,10.9,0.1,27.7
2026-09-21,gem,4,16.3,11,0.9,30.6
2026-09-21,gem,5,17,10.7,0,26.6
2026-09-21,gem,6,19.9,10.7,0,20.9
2026-09-21,gem,7,21.4,12.1,0,18.7
2026-09-21,gfs,1,17.3,10.7,0.4,33.7
2026-09-21,gfs,2,17.7,10.8,0.1,33.6
2026-09-21,gfs,3,17.2,10.8,0,31.4
2026-09-21,gfs,4,17.1,10.4,0,33.5
2026-09-21,gfs,5,16.7,9.9,0.5,25.6
2026-09-21,gfs,6,18.3,10.3,0.2,28.8
2026-09-21,gfs,7,22.3,10.7,0,18.8
2026-09-21,icon,1,18.2,12,0.1,23
2026-09-21,icon,2,17.6,11.9,0,23.2
2026-09-21,icon,3,17.4,11.2,0,23
2026-09-21,icon,4,18,10.5,0,21.9
2026-09-21,icon,5,17.9,10.9,0,25.6
2026-09-21,icon,6,17.9,12.5,0,20.6
2026-09-21,ukmo,1,17.8,12.3,0,27
2026-09-21,ukmo,2,17.3,12.2,0,27.4
2026-09-21,ukmo,3,17.3,11.4,0,25.2
2026-09-21,ukmo,4,17.5,11.8,0,20.9
2026-09-21,ukmo,5,18.7,11.7,0.4,25.2
2026-09-21,ukmo,6,17.9,13.1,0,26.3
2026-09-22,arpege,1,18.8,8.8,0,19.5
2026-09-22,arpege,2,18.7,10.7,0,18
2026-09-22,arpege,3,19.4,11.3,0.1,17.4
2026-09-22,ecmwf,1,18.4,9.2,0,15
2026-09-22,ecmwf,2,18.5,9.5,0,17.3
2026-09-22,ecmwf,3,18.7,10.3,0,18.4
2026-09-22,ecmwf,4,18.7,12.9,0.6,14.6
2026-09-22,ecmwf,5,16.9,10.5,0,17.9
2026-09-22,ecmwf,6,17.9,10.4,0,19.8
2026-09-22,ecmwf,7,15.9,11.6,0.3,15.8
2026-09-22,gem,1,18,7.5,0,14.4
2026-09-22,gem,2,17.8,8.1,0,15.5
2026-09-22,gem,3,17,8.9,0,15.5
2026-09-22,gem,4,14.6,11,1.5,18.4
2026-09-22,gem,5,15.7,7.6,1.3,15.5
2026-09-22,gem,6,17.9,8.2,0,13
2026-09-22,gem,7,23.9,5.7,0,7.6
2026-09-22,gfs,1,18.6,7.7,0,16
2026-09-22,gfs,2,18.7,8.2,0,18.2
2026-09-22,gfs,3,18.9,8.3,0,16.9
2026-09-22,gfs,4,17.7,8,0,19.3
2026-09-22,gfs,5,18.9,7.9,0,20.5
2026-09-22,gfs,6,19.5,8.5,0,19.6
2026-09-22,gfs,7,19,8.5,0,22.9
2026-09-22,icon,1,17.8,9.1,0,11.2
2026-09-22,icon,2,18.5,10.6,0,13
2026-09-22,icon,3,18.4,11.1,0.1,12.5
2026-09-22,icon,4,17.4,9.7,0,13.5
2026-09-22,icon,5,18,8.5,0,13.3
2026-09-22,icon,6,18.1,8.6,0,15.8
2026-09-22,ukmo,1,18.6,10.3,0,14.4
2026-09-22,ukmo,2,18.8,12,0,14
2026-09-22,ukmo,3,18,11.9,0,13
2026-09-22,ukmo,4,17.6,12.5,0,10.4
2026-09-22,ukmo,5,17,12.3,0,7.6
2026-09-22,ukmo,6,19.1,12.2,0,15.1
2026-09-23,arpege,1,20.3,7.4,0,11.8
2026-09-23,arpege,2,19.4,9.1,0.2,10.2
2026-09-23,arpege,3,20.1,10.8,0,10.5
2026-09-23,ecmwf,1,19.9,7.4,0,11.5
2026-09-23,ecmwf,2,19.3,7.6,0,7.6
2026-09-23,ecmwf,3,19.4,8.2,0,8.5
2026-09-23,ecmwf,4,19.5,9.2,0,9.7
2026-09-23,ecmwf,5,18.6,8,0,12.3
2026-09-23,ecmwf,6,18.7,8,0,8.4
2026-09-23,ecmwf,7,17.8,8.6,0,13.5
2026-09-23,gem,1,19.1,4.1,0,8.6
2026-09-23,gem,2,18.8,4.4,0,7.2
2026-09-23,gem,3,18.2,4.2,0,5.8
2026-09-23,gem,4,19.1,4.7,0,5
2026-09-23,gem,5,18.9,6.1,0.5,10.1
2026-09-23,gem,6,18.2,3.3,0,9.7
2026-09-23,gem,7,18.2,3.9,0,7.2
2026-09-23,gfs,1,19.6,8.6,0,12.2
2026-09-23,gfs,2,20,8.1,0,11
2026-09-23,gfs,3,19.8,8.6,0,6.3
2026-09-23,gfs,4,20.1,9.2,0,9.8
2026-09-23,gfs,5,19.1,9.8,0,12.7
2026-09-23,gfs,6,18.1,7.4,0,9.2
2026-09-23,gfs,7,20.2,8.2,0,11.7
2026-09-23,icon,1,19.8,9.1,0,7.4
2026-09-23,icon,2,19.1,9.2,0,6.8
2026-09-23,icon,3,19.3,7.8,0,7.7
2026-09-23,icon,4,19.4,7.4,0,8.1
2026-09-23,icon,5,18.9,5.6,0,9.6
2026-09-23,icon,6,17.7,4.8,5.2,17.7
2026-09-23,ukmo,1,19.7,8.5,0,12.2
2026-09-23,ukmo,2,19.7,8.8,0,13
2026-09-23,ukmo,3,19.1,10.7,0,5.8
2026-09-23,ukmo,4,19.3,9.7,0.3,13.7
2026-09-23,ukmo,5,19.5,11.9,0,10.4
2026-09-23,ukmo,6,18.2,11.5,4.7,24.5
2026-09-24,arpege,1,14.3,10.8,1.4,32.7
2026-09-24,arpege,2,13.7,11.6,7.6,31.3
2026-09-24,arpege,3,15.6,12.6,2.5,15.5
2026-09-24,ecmwf,1,16.5,11.7,3.3,28.3
2026-09-24,ecmwf,2,17.5,11.5,1.5,31.7
2026-09-24,ecmwf,3,15.9,11.5,3.9,30.9
2026-09-24,ecmwf,4,19,11.7,4.8,18
2026-09-24,ecmwf,5,17.3,11.4,4.2,16.5
2026-09-24,ecmwf,6,18.2,9.1,0.9,25.8
2026-09-24,ecmwf,7,22.3,7.2,0,10
2026-09-24,gem,1,15.1,9.4,2.1,31
2026-09-24,gem,2,14.9,10.1,4.5,35.3
2026-09-24,gem,3,16.9,8.2,7,22
2026-09-24,gem,4,18.1,9.7,2.4,20.2
2026-09-24,gem,5,21.1,8.5,9.6,14.4
2026-09-24,gem,6,19.6,6.1,3.1,18.7
2026-09-24,gem,7,20,3.6,0,10.1
2026-09-24,gfs,1,16.2,10.6,2.2,34.8
2026-09-24,gfs,2,16.5,11.5,0.3,33.5
2026-09-24,gfs,3,15.6,11.6,0.6,30
2026-09-24,gfs,4,15.6,11.1,0.7,16.6
2026-09-24,gfs,5,14.7,11.1,4.2,29
2026-09-24,gfs,6,19.3,11,0,15.6
2026-09-24,gfs,7,17.8,7.8,0.4,14.4
2026-09-24,icon,1,15.3,12.5,3,24.2
2026-09-24,icon,2,14.6,12.8,1.4,18
2026-09-24,icon,3,15.4,12.1,0.9,19.4
2026-09-24,icon,4,18.2,12.6,0.3,18.2
2026-09-24,icon,5,19.5,10.4,0,15
2026-09-24,icon,6,20.8,10,0,17.3
2026-09-24,ukmo,1,17,11.8,1.4,24.8
2026-09-24,ukmo,2,15,12.3,12,18.4
2026-09-24,ukmo,3,17.6,12.3,2.1,20.5
2026-09-24,ukmo,4,19,13.4,3,17.6
2026-09-24,ukmo,5,16.1,11.7,2.4,19.8
2026-09-24,ukmo,6,16.2,11.7,4.5,25.6
2026-09-26,metno,1,23,7.7,0,10.8
2026-09-26,mosmix,1,21.6,5.6,0,5.5
2026-09-27,metno,2,24.1,11.3,0,18
2026-09-27,mosmix,2,23.8,11.4,0,13
2026-09-28,metno,3,27.4,13.7,0,14.4
2026-09-28,mosmix,3,25.4,12.7,0,9.3
2026-09-29,metno,4,25.2,13.5,0,16.2
2026-09-29,mosmix,4,25.3,13.1,0,11.1
2026-09-30,metno,5,23.4,12.3,0,20.5
2026-09-30,mosmix,5,23.7,12.4,0,11.1
2026-10-01,metno,6,22.6,12.7,0,22
2026-10-01,mosmix,6,21.4,11.6,0,11.1
2026-10-02,metno,7,20.5,10.5,0,8.3
2026-10-02,mosmix,7,19.3,12.1,0,9.3
